<?xml version="1.0" encoding="UTF-8"?>
<build-type xmlns:xsi="http://www.w3.org/2001/XMLSchema-instance" uuid="ce4ef2f4-e0ec-45bf-b582-624055ec91b2" xsi:noNamespaceSchemaLocation="https://www.jetbrains.com/teamcity/schemas/2020.1/project-config.xsd">
  <name>Build</name>
  <description />
  <settings>
    <options>
      <option name="artifactRules" value="dist" />
    </options>
    <disabled-settings>
      <setting-ref ref="RUNNER_17" />
      <setting-ref ref="RUNNER_3" />
      <setting-ref ref="RUNNER_4" />
      <setting-ref ref="RUNNER_5" />
    </disabled-settings>
    <parameters>
      <param name="env.url_be" value="https://192.168.56.32/api" />
    </parameters>
    <build-runners>
      <runner id="RUNNER_10" name="environment.ts" type="simpleRunner">
        <parameters>
          <param name="script.content"><![CDATA[echo $url_be >/llll
echo $env.url_be >/llll
sed -i -e "s|https://dtapi.if.ua/api/|$url_be/|g" ./src/environments/environment.ts
sed -i -e "s|https://dtapi.if.ua/api/|$url_be/|g" ./src/environments/environment.prod.ts]]></param>
          <param name="teamcity.step.mode" value="default" />
          <param name="use.custom.script" value="true" />
        </parameters>
      </runner>
      <runner id="RUNNER_18" name="rm &quot;spinner Interceptor&quot; test" type="simpleRunner">
        <parameters>
          <param name="script.content"><![CDATA[echo $(pwd) >/llll
ls -la ./src/app/shared/services/  >>/llll
rm ./src/app/shared/services/spinnerInterceptor.spec.ts -f]]></param>
          <param name="teamcity.step.mode" value="default" />
          <param name="use.custom.script" value="true" />
        </parameters>
      </runner>
      <runner id="RUNNER_4" name="nvm install" type="jonnyzzz.nvm">
        <parameters>
          <param name="teamcity.step.mode" value="execute_if_failed" />
          <param name="version" value="12.18.1" />
        </parameters>
      </runner>
      <runner id="RUNNER_3" name="npm install" type="jonnyzzz.npm">
        <parameters>
          <param name="npm_commands" value="install" />
          <param name="npm_toolPath" value="/usr/local/bin/npm" />
          <param name="teamcity.step.mode" value="default" />
        </parameters>
      </runner>
      <runner id="RUNNER_17" name="test" type="jonnyzzz.npm">
        <parameters>
          <param name="npm_commands" value="test" />
          <param name="npm_toolPath" value="/usr/local/bin/npm" />
          <param name="teamcity.step.mode" value="default" />
        </parameters>
      </runner>
      <runner id="RUNNER_5" name="build" type="jonnyzzz.npm">
        <parameters>
          <param name="npm_commands" value="run-script build" />
          <param name="npm_execution_args" value="--prod" />
          <param name="npm_toolPath" value="/usr/local/bin/npm" />
          <param name="teamcity.step.mode" value="default" />
        </parameters>
      </runner>
      <runner id="RUNNER_1" name="tar" type="simpleRunner">
        <parameters>
          <param name="script.content"><![CDATA[wget https://dtapi.if.ua/~yurkovskiy/IF-108/htaccess_example_fe --output-document=./dist/IF105/.htaccess
tar -czvf ./dist/if105.tar.gz ./dist/IF105]]></param>
          <param name="teamcity.step.mode" value="default" />
          <param name="use.custom.script" value="true" />
        </parameters>
      </runner>
    </build-runners>
    <vcs-settings>
      <vcs-entry-ref root-id="If105_GitGithubComYurkovskiyIf105uiDtapiIfUaIoRefsHeadsMaster" />
    </vcs-settings>
    <requirements />
    <build-triggers>
      <build-trigger id="vcsTrigger" type="vcsTrigger">
        <parameters>
          <param name="branchFilter" value="+:*" />
          <param name="enableQueueOptimization" value="true" />
          <param name="quietPeriodMode" value="DO_NOT_USE" />
        </parameters>
      </build-trigger>
    </build-triggers>
    <cleanup />
  </settings>
</build-type>

