<?xml version="1.0" encoding="UTF-8"?>
<build-type xmlns:xsi="http://www.w3.org/2001/XMLSchema-instance" uuid="597315fd-a902-44ad-9ca0-d8fd9fd8cfae" xsi:noNamespaceSchemaLocation="https://www.jetbrains.com/teamcity/schemas/2020.1/project-config.xsd">
  <name>deploy</name>
  <description />
  <settings>
    <options>
      <option name="allowPersonalBuildTriggering" value="false" />
      <option name="buildConfigurationType" value="DEPLOYMENT" />
      <option name="maximumNumberOfBuilds" value="1" />
    </options>
    <parameters />
    <build-runners>
      <runner id="RUNNER_25" name="haproxy disable FE1" type="ssh-exec-runner">
        <parameters>
          <param name="jetbrains.buildServer.deployer.targetUrl" value="192.168.56.32" />
          <param name="jetbrains.buildServer.deployer.username" value="root" />
          <param name="jetbrains.buildServer.sshexec.authMethod" value="DEFAULT_KEY" />
          <param name="jetbrains.buildServer.sshexec.command" value="echo &quot;disable server fe80/fe1&quot; |socat stdio /var/lib/haproxy/stats" />
          <param name="teamcity.step.mode" value="default" />
        </parameters>
      </runner>
      <runner id="RUNNER_26" name="Upload FE1" type="ssh-deploy-runner">
        <parameters>
          <param name="jetbrains.buildServer.deployer.sourcePath" value="** =&gt; dtapi" />
          <param name="jetbrains.buildServer.deployer.ssh.transport" value="jetbrains.buildServer.deployer.ssh.transport.scp" />
          <param name="jetbrains.buildServer.deployer.targetUrl" value="192.168.56.121:/var/www" />
          <param name="jetbrains.buildServer.deployer.username" value="root" />
          <param name="jetbrains.buildServer.sshexec.authMethod" value="DEFAULT_KEY" />
          <param name="teamcity.step.mode" value="default" />
        </parameters>
      </runner>
      <runner id="RUNNER_27" name="exec FE1" type="ssh-exec-runner">
        <parameters>
          <param name="jetbrains.buildServer.deployer.targetUrl" value="192.168.56.121" />
          <param name="jetbrains.buildServer.deployer.username" value="root" />
          <param name="jetbrains.buildServer.sshexec.authMethod" value="DEFAULT_KEY" />
          <param name="jetbrains.buildServer.sshexec.command"><![CDATA[wget https://dtapi.if.ua/~yurkovskiy/IF-108/htaccess_example_fe --output-document=/var/www/dtapi/.htaccess
chown apache:apache /var/www/ -R
chmod 766 -R /var/www/
systemctl restart httpd]]></param>
          <param name="teamcity.step.mode" value="default" />
        </parameters>
      </runner>
      <runner id="RUNNER_28" name="haproxy enable FE1" type="ssh-exec-runner">
        <parameters>
          <param name="jetbrains.buildServer.deployer.targetUrl" value="192.168.56.32" />
          <param name="jetbrains.buildServer.deployer.username" value="root" />
          <param name="jetbrains.buildServer.sshexec.authMethod" value="DEFAULT_KEY" />
          <param name="jetbrains.buildServer.sshexec.command" value="echo &quot;enable server fe80/fe1&quot; |socat stdio /var/lib/haproxy/stats" />
          <param name="teamcity.step.mode" value="default" />
        </parameters>
      </runner>
      <runner id="RUNNER_23" name="haproxy disable FE2" type="ssh-exec-runner">
        <parameters>
          <param name="jetbrains.buildServer.deployer.targetUrl" value="192.168.56.32" />
          <param name="jetbrains.buildServer.deployer.username" value="root" />
          <param name="jetbrains.buildServer.sshexec.authMethod" value="DEFAULT_KEY" />
          <param name="jetbrains.buildServer.sshexec.command" value="echo &quot;disable server fe80/fe2&quot; |socat stdio /var/lib/haproxy/stats" />
          <param name="teamcity.step.mode" value="default" />
        </parameters>
      </runner>
      <runner id="RUNNER_24" name="Upload FE2" type="ssh-deploy-runner">
        <parameters>
          <param name="jetbrains.buildServer.deployer.sourcePath" value="** =&gt; dtapi" />
          <param name="jetbrains.buildServer.deployer.ssh.transport" value="jetbrains.buildServer.deployer.ssh.transport.scp" />
          <param name="jetbrains.buildServer.deployer.targetUrl" value="192.168.56.122:/var/www" />
          <param name="jetbrains.buildServer.deployer.username" value="root" />
          <param name="jetbrains.buildServer.sshexec.authMethod" value="DEFAULT_KEY" />
          <param name="teamcity.step.mode" value="default" />
        </parameters>
      </runner>
      <runner id="RUNNER_29" name="exec FE2" type="ssh-exec-runner">
        <parameters>
          <param name="jetbrains.buildServer.deployer.targetUrl" value="192.168.56.122" />
          <param name="jetbrains.buildServer.deployer.username" value="root" />
          <param name="jetbrains.buildServer.sshexec.authMethod" value="DEFAULT_KEY" />
          <param name="jetbrains.buildServer.sshexec.command"><![CDATA[wget https://dtapi.if.ua/~yurkovskiy/IF-108/htaccess_example_fe --output-document=/var/www/dtapi/.htaccess
chown apache:apache /var/www/ -R
chmod 766 -R /var/www/
systemctl restart httpd]]></param>
          <param name="teamcity.step.mode" value="default" />
        </parameters>
      </runner>
      <runner id="RUNNER_30" name="haproxy enable FE2" type="ssh-exec-runner">
        <parameters>
          <param name="jetbrains.buildServer.deployer.targetUrl" value="192.168.56.32" />
          <param name="jetbrains.buildServer.deployer.username" value="root" />
          <param name="jetbrains.buildServer.sshexec.authMethod" value="DEFAULT_KEY" />
          <param name="jetbrains.buildServer.sshexec.command" value="echo &quot;enable server fe80/fe2&quot; |socat stdio /var/lib/haproxy/stats" />
          <param name="teamcity.step.mode" value="default" />
        </parameters>
      </runner>
    </build-runners>
    <vcs-settings />
    <requirements />
    <build-triggers />
    <artifact-dependencies>
      <dependency id="ARTIFACT_DEPENDENCY_3" sourceBuildTypeId="dtfe_Build" cleanDestination="false">
        <revisionRule name="lastSuccessful" revision="latest.lastSuccessful" />
        <artifact sourcePath="IF105" />
      </dependency>
    </artifact-dependencies>
    <cleanup />
  </settings>
</build-type>

