<?xml version="1.0" encoding="UTF-8"?>
<build-type xmlns:xsi="http://www.w3.org/2001/XMLSchema-instance" uuid="09a3dd59-0ddb-417c-ac57-80a61114602c" xsi:noNamespaceSchemaLocation="https://www.jetbrains.com/teamcity/schemas/2020.1/project-config.xsd">
  <name>ansible</name>
  <description />
  <settings>
    <options>
      <option name="allowPersonalBuildTriggering" value="false" />
      <option name="buildConfigurationType" value="DEPLOYMENT" />
      <option name="maximumNumberOfBuilds" value="1" />
    </options>
    <parameters />
    <build-runners>
      <runner id="RUNNER_2" name="call ansible" type="ssh-exec-runner">
        <parameters>
          <param name="jetbrains.buildServer.deployer.targetUrl" value="192.168.56.32" />
          <param name="jetbrains.buildServer.deployer.username" value="root" />
          <param name="jetbrains.buildServer.sshexec.authMethod" value="DEFAULT_KEY" />
          <param name="jetbrains.buildServer.sshexec.command"><![CDATA[cd /vagrant
ansible-playbook playbook_tc.yml]]></param>
          <param name="teamcity.step.mode" value="default" />
        </parameters>
      </runner>
    </build-runners>
    <vcs-settings />
    <requirements />
    <build-triggers />
    <cleanup />
  </settings>
</build-type>

